{"cameraMode":{"drawMode":0,"name":"Shaded","section":"Shading Mode"},"sceneLighting":true,"audioPlay":false,"sceneViewState":{"showFog":true,"showMaterialUpdate":false,"showSkybox":true,"showFlares":true,"showImageEffects":true,"showParticleSystems":true,"showVisualEffectGraphs":true,"m_FxEnabled":true},"in2DMode":false,"pivot":{"x":2.9169764518737795,"y":5.791475772857666,"z":-15.098319053649903},"rotation":{"x":0.020795516669750215,"y":-0.21490730345249177,"z":0.00465020164847374,"w":0.9764448404312134},"size":8.031188011169434,"orthographic":false}