{"cameraMode":{"drawMode":0,"name":"Shaded","section":"Shading Mode"},"sceneLighting":true,"audioPlay":false,"sceneViewState":{"showFog":true,"showMaterialUpdate":false,"showSkybox":true,"showFlares":true,"showImageEffects":true,"showParticleSystems":true,"showVisualEffectGraphs":true,"m_FxEnabled":true},"in2DMode":false,"pivot":{"x":2.9233078956604006,"y":1.4727140665054322,"z":-0.42491602897644045},"rotation":{"x":0.1669597029685974,"y":0.5393311977386475,"z":-0.11004291474819184,"w":0.8180705904960632},"size":2.4073948860168459,"orthographic":false}